ID,Image,Mask
1,"['/Volumes/Crucial X6/MacMiniData882023/Data/Coronal_Fat_NPY/Patient-001_cor_label_fat_ls.npy', '/Volumes/Crucial X6/MacMiniData882023/Data/Coronal_Fat_NPY/._Patient-001_cor_label_fat_ls.npy']","['/Volumes/Crucial X6/MacMiniData882023/Data/Coronal_Fat_NPY/Patient-001_cor_label_fat_ls.npy', '/Volumes/Crucial X6/MacMiniData882023/Data/Coronal_Fat_NPY/._Patient-001_cor_label_fat_ls.npy']"
2,"['/Volumes/Crucial X6/MacMiniData882023/Data/Coronal_Fat_NPY/Patient-002_cor_label_fat_ls.npy', '/Volumes/Crucial X6/MacMiniData882023/Data/Coronal_Fat_NPY/._Patient-002_cor_label_fat_ls.npy']","['/Volumes/Crucial X6/MacMiniData882023/Data/Coronal_Fat_NPY/Patient-002_cor_label_fat_ls.npy', '/Volumes/Crucial X6/MacMiniData882023/Data/Coronal_Fat_NPY/._Patient-002_cor_label_fat_ls.npy']"
3,"['/Volumes/Crucial X6/MacMiniData882023/Data/Coronal_Fat_NPY/Patient-003_cor_label_fat_ls.npy', '/Volumes/Crucial X6/MacMiniData882023/Data/Coronal_Fat_NPY/._Patient-003_cor_label_fat_ls.npy']","['/Volumes/Crucial X6/MacMiniData882023/Data/Coronal_Fat_NPY/Patient-003_cor_label_fat_ls.npy', '/Volumes/Crucial X6/MacMiniData882023/Data/Coronal_Fat_NPY/._Patient-003_cor_label_fat_ls.npy']"
4,"['/Volumes/Crucial X6/MacMiniData882023/Data/Coronal_Fat_NPY/Patient-004_cor_label_fat_ls.npy', '/Volumes/Crucial X6/MacMiniData882023/Data/Coronal_Fat_NPY/._Patient-004_cor_label_fat_ls.npy']","['/Volumes/Crucial X6/MacMiniData882023/Data/Coronal_Fat_NPY/Patient-004_cor_label_fat_ls.npy', '/Volumes/Crucial X6/MacMiniData882023/Data/Coronal_Fat_NPY/._Patient-004_cor_label_fat_ls.npy']"
5,"['/Volumes/Crucial X6/MacMiniData882023/Data/Coronal_Fat_NPY/Patient-005_cor_label_fat_ls.npy', '/Volumes/Crucial X6/MacMiniData882023/Data/Coronal_Fat_NPY/._Patient-005_cor_label_fat_ls.npy']","['/Volumes/Crucial X6/MacMiniData882023/Data/Coronal_Fat_NPY/Patient-005_cor_label_fat_ls.npy', '/Volumes/Crucial X6/MacMiniData882023/Data/Coronal_Fat_NPY/._Patient-005_cor_label_fat_ls.npy']"
6,"['/Volumes/Crucial X6/MacMiniData882023/Data/Coronal_Fat_NPY/Patient-006_cor_label_fat_ls.npy', '/Volumes/Crucial X6/MacMiniData882023/Data/Coronal_Fat_NPY/._Patient-006_cor_label_fat_ls.npy']","['/Volumes/Crucial X6/MacMiniData882023/Data/Coronal_Fat_NPY/Patient-006_cor_label_fat_ls.npy', '/Volumes/Crucial X6/MacMiniData882023/Data/Coronal_Fat_NPY/._Patient-006_cor_label_fat_ls.npy']"
7,"['/Volumes/Crucial X6/MacMiniData882023/Data/Coronal_Fat_NPY/Patient-007_cor_label_fat_ls.npy', '/Volumes/Crucial X6/MacMiniData882023/Data/Coronal_Fat_NPY/._Patient-007_cor_label_fat_ls.npy']","['/Volumes/Crucial X6/MacMiniData882023/Data/Coronal_Fat_NPY/Patient-007_cor_label_fat_ls.npy', '/Volumes/Crucial X6/MacMiniData882023/Data/Coronal_Fat_NPY/._Patient-007_cor_label_fat_ls.npy']"
8,"['/Volumes/Crucial X6/MacMiniData882023/Data/Coronal_Fat_NPY/Patient-008_cor_label_fat_ls.npy', '/Volumes/Crucial X6/MacMiniData882023/Data/Coronal_Fat_NPY/._Patient-008_cor_label_fat_ls.npy']","['/Volumes/Crucial X6/MacMiniData882023/Data/Coronal_Fat_NPY/Patient-008_cor_label_fat_ls.npy', '/Volumes/Crucial X6/MacMiniData882023/Data/Coronal_Fat_NPY/._Patient-008_cor_label_fat_ls.npy']"
9,"['/Volumes/Crucial X6/MacMiniData882023/Data/Coronal_Fat_NPY/Patient-009_cor_label_fat_ls.npy', '/Volumes/Crucial X6/MacMiniData882023/Data/Coronal_Fat_NPY/._Patient-009_cor_label_fat_ls.npy']","['/Volumes/Crucial X6/MacMiniData882023/Data/Coronal_Fat_NPY/Patient-009_cor_label_fat_ls.npy', '/Volumes/Crucial X6/MacMiniData882023/Data/Coronal_Fat_NPY/._Patient-009_cor_label_fat_ls.npy']"
10,"['/Volumes/Crucial X6/MacMiniData882023/Data/Coronal_Fat_NPY/Patient-010_cor_label_fat_ls.npy', '/Volumes/Crucial X6/MacMiniData882023/Data/Coronal_Fat_NPY/._Patient-010_cor_label_fat_ls.npy']","['/Volumes/Crucial X6/MacMiniData882023/Data/Coronal_Fat_NPY/Patient-010_cor_label_fat_ls.npy', '/Volumes/Crucial X6/MacMiniData882023/Data/Coronal_Fat_NPY/._Patient-010_cor_label_fat_ls.npy']"
11,"['/Volumes/Crucial X6/MacMiniData882023/Data/Coronal_Fat_NPY/Patient-011_cor_label_fat_ls.npy', '/Volumes/Crucial X6/MacMiniData882023/Data/Coronal_Fat_NPY/._Patient-011_cor_label_fat_ls.npy']","['/Volumes/Crucial X6/MacMiniData882023/Data/Coronal_Fat_NPY/Patient-011_cor_label_fat_ls.npy', '/Volumes/Crucial X6/MacMiniData882023/Data/Coronal_Fat_NPY/._Patient-011_cor_label_fat_ls.npy']"
12,"['/Volumes/Crucial X6/MacMiniData882023/Data/Coronal_Fat_NPY/Patient-012_cor_label_fat_ls.npy', '/Volumes/Crucial X6/MacMiniData882023/Data/Coronal_Fat_NPY/._Patient-012_cor_label_fat_ls.npy']","['/Volumes/Crucial X6/MacMiniData882023/Data/Coronal_Fat_NPY/Patient-012_cor_label_fat_ls.npy', '/Volumes/Crucial X6/MacMiniData882023/Data/Coronal_Fat_NPY/._Patient-012_cor_label_fat_ls.npy']"
13,"['/Volumes/Crucial X6/MacMiniData882023/Data/Coronal_Fat_NPY/Patient-013_cor_label_fat_ls.npy', '/Volumes/Crucial X6/MacMiniData882023/Data/Coronal_Fat_NPY/._Patient-013_cor_label_fat_ls.npy']","['/Volumes/Crucial X6/MacMiniData882023/Data/Coronal_Fat_NPY/Patient-013_cor_label_fat_ls.npy', '/Volumes/Crucial X6/MacMiniData882023/Data/Coronal_Fat_NPY/._Patient-013_cor_label_fat_ls.npy']"
14,"['/Volumes/Crucial X6/MacMiniData882023/Data/Coronal_Fat_NPY/Patient-014_cor_label_fat_ls.npy', '/Volumes/Crucial X6/MacMiniData882023/Data/Coronal_Fat_NPY/._Patient-014_cor_label_fat_ls.npy']","['/Volumes/Crucial X6/MacMiniData882023/Data/Coronal_Fat_NPY/Patient-014_cor_label_fat_ls.npy', '/Volumes/Crucial X6/MacMiniData882023/Data/Coronal_Fat_NPY/._Patient-014_cor_label_fat_ls.npy']"
15,"['/Volumes/Crucial X6/MacMiniData882023/Data/Coronal_Fat_NPY/Patient-015_cor_label_fat_ls.npy', '/Volumes/Crucial X6/MacMiniData882023/Data/Coronal_Fat_NPY/._Patient-015_cor_label_fat_ls.npy']","['/Volumes/Crucial X6/MacMiniData882023/Data/Coronal_Fat_NPY/Patient-015_cor_label_fat_ls.npy', '/Volumes/Crucial X6/MacMiniData882023/Data/Coronal_Fat_NPY/._Patient-015_cor_label_fat_ls.npy']"
16,"['/Volumes/Crucial X6/MacMiniData882023/Data/Coronal_Fat_NPY/Patient-016_cor_label_fat_ls.npy', '/Volumes/Crucial X6/MacMiniData882023/Data/Coronal_Fat_NPY/._Patient-016_cor_label_fat_ls.npy']","['/Volumes/Crucial X6/MacMiniData882023/Data/Coronal_Fat_NPY/Patient-016_cor_label_fat_ls.npy', '/Volumes/Crucial X6/MacMiniData882023/Data/Coronal_Fat_NPY/._Patient-016_cor_label_fat_ls.npy']"
17,"['/Volumes/Crucial X6/MacMiniData882023/Data/Coronal_Fat_NPY/Patient-017_cor_label_fat_ls.npy', '/Volumes/Crucial X6/MacMiniData882023/Data/Coronal_Fat_NPY/._Patient-017_cor_label_fat_ls.npy']","['/Volumes/Crucial X6/MacMiniData882023/Data/Coronal_Fat_NPY/Patient-017_cor_label_fat_ls.npy', '/Volumes/Crucial X6/MacMiniData882023/Data/Coronal_Fat_NPY/._Patient-017_cor_label_fat_ls.npy']"
18,"['/Volumes/Crucial X6/MacMiniData882023/Data/Coronal_Fat_NPY/Patient-018_cor_label_fat_ls.npy', '/Volumes/Crucial X6/MacMiniData882023/Data/Coronal_Fat_NPY/._Patient-018_cor_label_fat_ls.npy']","['/Volumes/Crucial X6/MacMiniData882023/Data/Coronal_Fat_NPY/Patient-018_cor_label_fat_ls.npy', '/Volumes/Crucial X6/MacMiniData882023/Data/Coronal_Fat_NPY/._Patient-018_cor_label_fat_ls.npy']"
19,"['/Volumes/Crucial X6/MacMiniData882023/Data/Coronal_Fat_NPY/Patient-019_cor_label_fat_ls.npy', '/Volumes/Crucial X6/MacMiniData882023/Data/Coronal_Fat_NPY/._Patient-019_cor_label_fat_ls.npy']","['/Volumes/Crucial X6/MacMiniData882023/Data/Coronal_Fat_NPY/Patient-019_cor_label_fat_ls.npy', '/Volumes/Crucial X6/MacMiniData882023/Data/Coronal_Fat_NPY/._Patient-019_cor_label_fat_ls.npy']"
20,"['/Volumes/Crucial X6/MacMiniData882023/Data/Coronal_Fat_NPY/Patient-020_cor_label_fat_ls.npy', '/Volumes/Crucial X6/MacMiniData882023/Data/Coronal_Fat_NPY/._Patient-020_cor_label_fat_ls.npy']","['/Volumes/Crucial X6/MacMiniData882023/Data/Coronal_Fat_NPY/Patient-020_cor_label_fat_ls.npy', '/Volumes/Crucial X6/MacMiniData882023/Data/Coronal_Fat_NPY/._Patient-020_cor_label_fat_ls.npy']"
21,"['/Volumes/Crucial X6/MacMiniData882023/Data/Coronal_Fat_NPY/Patient-021_cor_label_fat_ls.npy', '/Volumes/Crucial X6/MacMiniData882023/Data/Coronal_Fat_NPY/._Patient-021_cor_label_fat_ls.npy']","['/Volumes/Crucial X6/MacMiniData882023/Data/Coronal_Fat_NPY/Patient-021_cor_label_fat_ls.npy', '/Volumes/Crucial X6/MacMiniData882023/Data/Coronal_Fat_NPY/._Patient-021_cor_label_fat_ls.npy']"
22,"['/Volumes/Crucial X6/MacMiniData882023/Data/Coronal_Fat_NPY/Patient-022_cor_label_fat_ls.npy', '/Volumes/Crucial X6/MacMiniData882023/Data/Coronal_Fat_NPY/._Patient-022_cor_label_fat_ls.npy']","['/Volumes/Crucial X6/MacMiniData882023/Data/Coronal_Fat_NPY/Patient-022_cor_label_fat_ls.npy', '/Volumes/Crucial X6/MacMiniData882023/Data/Coronal_Fat_NPY/._Patient-022_cor_label_fat_ls.npy']"
23,"['/Volumes/Crucial X6/MacMiniData882023/Data/Coronal_Fat_NPY/Patient-023_cor_label_fat_ls.npy', '/Volumes/Crucial X6/MacMiniData882023/Data/Coronal_Fat_NPY/._Patient-023_cor_label_fat_ls.npy']","['/Volumes/Crucial X6/MacMiniData882023/Data/Coronal_Fat_NPY/Patient-023_cor_label_fat_ls.npy', '/Volumes/Crucial X6/MacMiniData882023/Data/Coronal_Fat_NPY/._Patient-023_cor_label_fat_ls.npy']"
24,"['/Volumes/Crucial X6/MacMiniData882023/Data/Coronal_Fat_NPY/Patient-024_cor_label_fat_ls.npy', '/Volumes/Crucial X6/MacMiniData882023/Data/Coronal_Fat_NPY/._Patient-024_cor_label_fat_ls.npy']","['/Volumes/Crucial X6/MacMiniData882023/Data/Coronal_Fat_NPY/Patient-024_cor_label_fat_ls.npy', '/Volumes/Crucial X6/MacMiniData882023/Data/Coronal_Fat_NPY/._Patient-024_cor_label_fat_ls.npy']"
25,"['/Volumes/Crucial X6/MacMiniData882023/Data/Coronal_Fat_NPY/Patient-025_cor_label_fat_ls.npy', '/Volumes/Crucial X6/MacMiniData882023/Data/Coronal_Fat_NPY/._Patient-025_cor_label_fat_ls.npy']","['/Volumes/Crucial X6/MacMiniData882023/Data/Coronal_Fat_NPY/Patient-025_cor_label_fat_ls.npy', '/Volumes/Crucial X6/MacMiniData882023/Data/Coronal_Fat_NPY/._Patient-025_cor_label_fat_ls.npy']"
26,"['/Volumes/Crucial X6/MacMiniData882023/Data/Coronal_Fat_NPY/Patient-026_cor_label_fat_ls.npy', '/Volumes/Crucial X6/MacMiniData882023/Data/Coronal_Fat_NPY/._Patient-026_cor_label_fat_ls.npy']","['/Volumes/Crucial X6/MacMiniData882023/Data/Coronal_Fat_NPY/Patient-026_cor_label_fat_ls.npy', '/Volumes/Crucial X6/MacMiniData882023/Data/Coronal_Fat_NPY/._Patient-026_cor_label_fat_ls.npy']"
27,"['/Volumes/Crucial X6/MacMiniData882023/Data/Coronal_Fat_NPY/Patient-027_cor_label_fat_ls.npy', '/Volumes/Crucial X6/MacMiniData882023/Data/Coronal_Fat_NPY/._Patient-027_cor_label_fat_ls.npy']","['/Volumes/Crucial X6/MacMiniData882023/Data/Coronal_Fat_NPY/Patient-027_cor_label_fat_ls.npy', '/Volumes/Crucial X6/MacMiniData882023/Data/Coronal_Fat_NPY/._Patient-027_cor_label_fat_ls.npy']"
28,"['/Volumes/Crucial X6/MacMiniData882023/Data/Coronal_Fat_NPY/Patient-028_cor_label_fat_ls.npy', '/Volumes/Crucial X6/MacMiniData882023/Data/Coronal_Fat_NPY/._Patient-028_cor_label_fat_ls.npy']","['/Volumes/Crucial X6/MacMiniData882023/Data/Coronal_Fat_NPY/Patient-028_cor_label_fat_ls.npy', '/Volumes/Crucial X6/MacMiniData882023/Data/Coronal_Fat_NPY/._Patient-028_cor_label_fat_ls.npy']"
29,"['/Volumes/Crucial X6/MacMiniData882023/Data/Coronal_Fat_NPY/Patient-029_cor_label_fat_ls.npy', '/Volumes/Crucial X6/MacMiniData882023/Data/Coronal_Fat_NPY/._Patient-029_cor_label_fat_ls.npy']","['/Volumes/Crucial X6/MacMiniData882023/Data/Coronal_Fat_NPY/Patient-029_cor_label_fat_ls.npy', '/Volumes/Crucial X6/MacMiniData882023/Data/Coronal_Fat_NPY/._Patient-029_cor_label_fat_ls.npy']"
30,"['/Volumes/Crucial X6/MacMiniData882023/Data/Coronal_Fat_NPY/Patient-030_cor_label_fat_ls.npy', '/Volumes/Crucial X6/MacMiniData882023/Data/Coronal_Fat_NPY/._Patient-030_cor_label_fat_ls.npy']","['/Volumes/Crucial X6/MacMiniData882023/Data/Coronal_Fat_NPY/Patient-030_cor_label_fat_ls.npy', '/Volumes/Crucial X6/MacMiniData882023/Data/Coronal_Fat_NPY/._Patient-030_cor_label_fat_ls.npy']"
31,"['/Volumes/Crucial X6/MacMiniData882023/Data/Coronal_Fat_NPY/Patient-031_cor_label_fat_ls.npy', '/Volumes/Crucial X6/MacMiniData882023/Data/Coronal_Fat_NPY/._Patient-031_cor_label_fat_ls.npy']","['/Volumes/Crucial X6/MacMiniData882023/Data/Coronal_Fat_NPY/Patient-031_cor_label_fat_ls.npy', '/Volumes/Crucial X6/MacMiniData882023/Data/Coronal_Fat_NPY/._Patient-031_cor_label_fat_ls.npy']"
32,"['/Volumes/Crucial X6/MacMiniData882023/Data/Coronal_Fat_NPY/Patient-032_cor_label_fat_ls.npy', '/Volumes/Crucial X6/MacMiniData882023/Data/Coronal_Fat_NPY/._Patient-032_cor_label_fat_ls.npy']","['/Volumes/Crucial X6/MacMiniData882023/Data/Coronal_Fat_NPY/Patient-032_cor_label_fat_ls.npy', '/Volumes/Crucial X6/MacMiniData882023/Data/Coronal_Fat_NPY/._Patient-032_cor_label_fat_ls.npy']"
33,"['/Volumes/Crucial X6/MacMiniData882023/Data/Coronal_Fat_NPY/Patient-033_cor_label_fat_ls.npy', '/Volumes/Crucial X6/MacMiniData882023/Data/Coronal_Fat_NPY/._Patient-033_cor_label_fat_ls.npy']","['/Volumes/Crucial X6/MacMiniData882023/Data/Coronal_Fat_NPY/Patient-033_cor_label_fat_ls.npy', '/Volumes/Crucial X6/MacMiniData882023/Data/Coronal_Fat_NPY/._Patient-033_cor_label_fat_ls.npy']"
34,"['/Volumes/Crucial X6/MacMiniData882023/Data/Coronal_Fat_NPY/Patient-034_cor_label_fat_ls.npy', '/Volumes/Crucial X6/MacMiniData882023/Data/Coronal_Fat_NPY/._Patient-034_cor_label_fat_ls.npy']","['/Volumes/Crucial X6/MacMiniData882023/Data/Coronal_Fat_NPY/Patient-034_cor_label_fat_ls.npy', '/Volumes/Crucial X6/MacMiniData882023/Data/Coronal_Fat_NPY/._Patient-034_cor_label_fat_ls.npy']"
35,"['/Volumes/Crucial X6/MacMiniData882023/Data/Coronal_Fat_NPY/Patient-035_cor_label_fat_ls.npy', '/Volumes/Crucial X6/MacMiniData882023/Data/Coronal_Fat_NPY/._Patient-035_cor_label_fat_ls.npy']","['/Volumes/Crucial X6/MacMiniData882023/Data/Coronal_Fat_NPY/Patient-035_cor_label_fat_ls.npy', '/Volumes/Crucial X6/MacMiniData882023/Data/Coronal_Fat_NPY/._Patient-035_cor_label_fat_ls.npy']"
36,"['/Volumes/Crucial X6/MacMiniData882023/Data/Coronal_Fat_NPY/Patient-036_cor_label_fat_ls.npy', '/Volumes/Crucial X6/MacMiniData882023/Data/Coronal_Fat_NPY/._Patient-036_cor_label_fat_ls.npy']","['/Volumes/Crucial X6/MacMiniData882023/Data/Coronal_Fat_NPY/Patient-036_cor_label_fat_ls.npy', '/Volumes/Crucial X6/MacMiniData882023/Data/Coronal_Fat_NPY/._Patient-036_cor_label_fat_ls.npy']"
37,"['/Volumes/Crucial X6/MacMiniData882023/Data/Coronal_Fat_NPY/Patient-037_cor_label_fat_ls.npy', '/Volumes/Crucial X6/MacMiniData882023/Data/Coronal_Fat_NPY/._Patient-037_cor_label_fat_ls.npy']","['/Volumes/Crucial X6/MacMiniData882023/Data/Coronal_Fat_NPY/Patient-037_cor_label_fat_ls.npy', '/Volumes/Crucial X6/MacMiniData882023/Data/Coronal_Fat_NPY/._Patient-037_cor_label_fat_ls.npy']"
38,"['/Volumes/Crucial X6/MacMiniData882023/Data/Coronal_Fat_NPY/Patient-038_cor_label_fat_ls.npy', '/Volumes/Crucial X6/MacMiniData882023/Data/Coronal_Fat_NPY/._Patient-038_cor_label_fat_ls.npy']","['/Volumes/Crucial X6/MacMiniData882023/Data/Coronal_Fat_NPY/Patient-038_cor_label_fat_ls.npy', '/Volumes/Crucial X6/MacMiniData882023/Data/Coronal_Fat_NPY/._Patient-038_cor_label_fat_ls.npy']"
39,"['/Volumes/Crucial X6/MacMiniData882023/Data/Coronal_Fat_NPY/Patient-039_cor_label_fat_ls.npy', '/Volumes/Crucial X6/MacMiniData882023/Data/Coronal_Fat_NPY/._Patient-039_cor_label_fat_ls.npy']","['/Volumes/Crucial X6/MacMiniData882023/Data/Coronal_Fat_NPY/Patient-039_cor_label_fat_ls.npy', '/Volumes/Crucial X6/MacMiniData882023/Data/Coronal_Fat_NPY/._Patient-039_cor_label_fat_ls.npy']"
40,"['/Volumes/Crucial X6/MacMiniData882023/Data/Coronal_Fat_NPY/Patient-040_cor_label_fat_ls.npy', '/Volumes/Crucial X6/MacMiniData882023/Data/Coronal_Fat_NPY/._Patient-040_cor_label_fat_ls.npy']","['/Volumes/Crucial X6/MacMiniData882023/Data/Coronal_Fat_NPY/Patient-040_cor_label_fat_ls.npy', '/Volumes/Crucial X6/MacMiniData882023/Data/Coronal_Fat_NPY/._Patient-040_cor_label_fat_ls.npy']"
41,"['/Volumes/Crucial X6/MacMiniData882023/Data/Coronal_Fat_NPY/Patient-041_cor_label_fat_ls.npy', '/Volumes/Crucial X6/MacMiniData882023/Data/Coronal_Fat_NPY/._Patient-041_cor_label_fat_ls.npy']","['/Volumes/Crucial X6/MacMiniData882023/Data/Coronal_Fat_NPY/Patient-041_cor_label_fat_ls.npy', '/Volumes/Crucial X6/MacMiniData882023/Data/Coronal_Fat_NPY/._Patient-041_cor_label_fat_ls.npy']"
42,"['/Volumes/Crucial X6/MacMiniData882023/Data/Coronal_Fat_NPY/Patient-042_cor_label_fat_ls.npy', '/Volumes/Crucial X6/MacMiniData882023/Data/Coronal_Fat_NPY/._Patient-042_cor_label_fat_ls.npy']","['/Volumes/Crucial X6/MacMiniData882023/Data/Coronal_Fat_NPY/Patient-042_cor_label_fat_ls.npy', '/Volumes/Crucial X6/MacMiniData882023/Data/Coronal_Fat_NPY/._Patient-042_cor_label_fat_ls.npy']"
43,"['/Volumes/Crucial X6/MacMiniData882023/Data/Coronal_Fat_NPY/Patient-043_cor_label_fat_ls.npy', '/Volumes/Crucial X6/MacMiniData882023/Data/Coronal_Fat_NPY/._Patient-043_cor_label_fat_ls.npy']","['/Volumes/Crucial X6/MacMiniData882023/Data/Coronal_Fat_NPY/Patient-043_cor_label_fat_ls.npy', '/Volumes/Crucial X6/MacMiniData882023/Data/Coronal_Fat_NPY/._Patient-043_cor_label_fat_ls.npy']"
44,"['/Volumes/Crucial X6/MacMiniData882023/Data/Coronal_Fat_NPY/Patient-044_cor_label_fat_ls.npy', '/Volumes/Crucial X6/MacMiniData882023/Data/Coronal_Fat_NPY/._Patient-044_cor_label_fat_ls.npy']","['/Volumes/Crucial X6/MacMiniData882023/Data/Coronal_Fat_NPY/Patient-044_cor_label_fat_ls.npy', '/Volumes/Crucial X6/MacMiniData882023/Data/Coronal_Fat_NPY/._Patient-044_cor_label_fat_ls.npy']"
45,"['/Volumes/Crucial X6/MacMiniData882023/Data/Coronal_Fat_NPY/Patient-045_cor_label_fat_ls.npy', '/Volumes/Crucial X6/MacMiniData882023/Data/Coronal_Fat_NPY/._Patient-045_cor_label_fat_ls.npy']","['/Volumes/Crucial X6/MacMiniData882023/Data/Coronal_Fat_NPY/Patient-045_cor_label_fat_ls.npy', '/Volumes/Crucial X6/MacMiniData882023/Data/Coronal_Fat_NPY/._Patient-045_cor_label_fat_ls.npy']"
46,"['/Volumes/Crucial X6/MacMiniData882023/Data/Coronal_Fat_NPY/Patient-046_cor_label_fat_ls.npy', '/Volumes/Crucial X6/MacMiniData882023/Data/Coronal_Fat_NPY/._Patient-046_cor_label_fat_ls.npy']","['/Volumes/Crucial X6/MacMiniData882023/Data/Coronal_Fat_NPY/Patient-046_cor_label_fat_ls.npy', '/Volumes/Crucial X6/MacMiniData882023/Data/Coronal_Fat_NPY/._Patient-046_cor_label_fat_ls.npy']"
47,"['/Volumes/Crucial X6/MacMiniData882023/Data/Coronal_Fat_NPY/Patient-047_cor_label_fat_ls.npy', '/Volumes/Crucial X6/MacMiniData882023/Data/Coronal_Fat_NPY/._Patient-047_cor_label_fat_ls.npy']","['/Volumes/Crucial X6/MacMiniData882023/Data/Coronal_Fat_NPY/Patient-047_cor_label_fat_ls.npy', '/Volumes/Crucial X6/MacMiniData882023/Data/Coronal_Fat_NPY/._Patient-047_cor_label_fat_ls.npy']"
48,"['/Volumes/Crucial X6/MacMiniData882023/Data/Coronal_Fat_NPY/Patient-048_cor_label_fat_ls.npy', '/Volumes/Crucial X6/MacMiniData882023/Data/Coronal_Fat_NPY/._Patient-048_cor_label_fat_ls.npy']","['/Volumes/Crucial X6/MacMiniData882023/Data/Coronal_Fat_NPY/Patient-048_cor_label_fat_ls.npy', '/Volumes/Crucial X6/MacMiniData882023/Data/Coronal_Fat_NPY/._Patient-048_cor_label_fat_ls.npy']"
49,"['/Volumes/Crucial X6/MacMiniData882023/Data/Coronal_Fat_NPY/Patient-049_cor_label_fat_ls.npy', '/Volumes/Crucial X6/MacMiniData882023/Data/Coronal_Fat_NPY/._Patient-049_cor_label_fat_ls.npy']","['/Volumes/Crucial X6/MacMiniData882023/Data/Coronal_Fat_NPY/Patient-049_cor_label_fat_ls.npy', '/Volumes/Crucial X6/MacMiniData882023/Data/Coronal_Fat_NPY/._Patient-049_cor_label_fat_ls.npy']"
50,"['/Volumes/Crucial X6/MacMiniData882023/Data/Coronal_Fat_NPY/Patient-050_cor_label_fat_ls.npy', '/Volumes/Crucial X6/MacMiniData882023/Data/Coronal_Fat_NPY/._Patient-050_cor_label_fat_ls.npy']","['/Volumes/Crucial X6/MacMiniData882023/Data/Coronal_Fat_NPY/Patient-050_cor_label_fat_ls.npy', '/Volumes/Crucial X6/MacMiniData882023/Data/Coronal_Fat_NPY/._Patient-050_cor_label_fat_ls.npy']"
51,"['/Volumes/Crucial X6/MacMiniData882023/Data/Coronal_Fat_NPY/Patient-051_cor_label_fat_ls.npy', '/Volumes/Crucial X6/MacMiniData882023/Data/Coronal_Fat_NPY/._Patient-051_cor_label_fat_ls.npy']","['/Volumes/Crucial X6/MacMiniData882023/Data/Coronal_Fat_NPY/Patient-051_cor_label_fat_ls.npy', '/Volumes/Crucial X6/MacMiniData882023/Data/Coronal_Fat_NPY/._Patient-051_cor_label_fat_ls.npy']"
52,"['/Volumes/Crucial X6/MacMiniData882023/Data/Coronal_Fat_NPY/Patient-052_cor_label_fat_ls.npy', '/Volumes/Crucial X6/MacMiniData882023/Data/Coronal_Fat_NPY/._Patient-052_cor_label_fat_ls.npy']","['/Volumes/Crucial X6/MacMiniData882023/Data/Coronal_Fat_NPY/Patient-052_cor_label_fat_ls.npy', '/Volumes/Crucial X6/MacMiniData882023/Data/Coronal_Fat_NPY/._Patient-052_cor_label_fat_ls.npy']"
53,"['/Volumes/Crucial X6/MacMiniData882023/Data/Coronal_Fat_NPY/Patient-053_cor_label_fat_ls.npy', '/Volumes/Crucial X6/MacMiniData882023/Data/Coronal_Fat_NPY/._Patient-053_cor_label_fat_ls.npy']","['/Volumes/Crucial X6/MacMiniData882023/Data/Coronal_Fat_NPY/Patient-053_cor_label_fat_ls.npy', '/Volumes/Crucial X6/MacMiniData882023/Data/Coronal_Fat_NPY/._Patient-053_cor_label_fat_ls.npy']"
54,"['/Volumes/Crucial X6/MacMiniData882023/Data/Coronal_Fat_NPY/Patient-054_cor_label_fat_ls.npy', '/Volumes/Crucial X6/MacMiniData882023/Data/Coronal_Fat_NPY/._Patient-054_cor_label_fat_ls.npy']","['/Volumes/Crucial X6/MacMiniData882023/Data/Coronal_Fat_NPY/Patient-054_cor_label_fat_ls.npy', '/Volumes/Crucial X6/MacMiniData882023/Data/Coronal_Fat_NPY/._Patient-054_cor_label_fat_ls.npy']"
55,"['/Volumes/Crucial X6/MacMiniData882023/Data/Coronal_Fat_NPY/Patient-055_cor_label_fat_ls.npy', '/Volumes/Crucial X6/MacMiniData882023/Data/Coronal_Fat_NPY/._Patient-055_cor_label_fat_ls.npy']","['/Volumes/Crucial X6/MacMiniData882023/Data/Coronal_Fat_NPY/Patient-055_cor_label_fat_ls.npy', '/Volumes/Crucial X6/MacMiniData882023/Data/Coronal_Fat_NPY/._Patient-055_cor_label_fat_ls.npy']"
56,"['/Volumes/Crucial X6/MacMiniData882023/Data/Coronal_Fat_NPY/Patient-056_cor_label_fat_ls.npy', '/Volumes/Crucial X6/MacMiniData882023/Data/Coronal_Fat_NPY/._Patient-056_cor_label_fat_ls.npy']","['/Volumes/Crucial X6/MacMiniData882023/Data/Coronal_Fat_NPY/Patient-056_cor_label_fat_ls.npy', '/Volumes/Crucial X6/MacMiniData882023/Data/Coronal_Fat_NPY/._Patient-056_cor_label_fat_ls.npy']"
57,"['/Volumes/Crucial X6/MacMiniData882023/Data/Coronal_Fat_NPY/Patient-057_cor_label_fat_ls.npy', '/Volumes/Crucial X6/MacMiniData882023/Data/Coronal_Fat_NPY/._Patient-057_cor_label_fat_ls.npy']","['/Volumes/Crucial X6/MacMiniData882023/Data/Coronal_Fat_NPY/Patient-057_cor_label_fat_ls.npy', '/Volumes/Crucial X6/MacMiniData882023/Data/Coronal_Fat_NPY/._Patient-057_cor_label_fat_ls.npy']"
58,"['/Volumes/Crucial X6/MacMiniData882023/Data/Coronal_Fat_NPY/Patient-058_cor_label_fat_ls.npy', '/Volumes/Crucial X6/MacMiniData882023/Data/Coronal_Fat_NPY/._Patient-058_cor_label_fat_ls.npy']","['/Volumes/Crucial X6/MacMiniData882023/Data/Coronal_Fat_NPY/Patient-058_cor_label_fat_ls.npy', '/Volumes/Crucial X6/MacMiniData882023/Data/Coronal_Fat_NPY/._Patient-058_cor_label_fat_ls.npy']"
59,"['/Volumes/Crucial X6/MacMiniData882023/Data/Coronal_Fat_NPY/Patient-059_cor_label_fat_ls.npy', '/Volumes/Crucial X6/MacMiniData882023/Data/Coronal_Fat_NPY/._Patient-059_cor_label_fat_ls.npy']","['/Volumes/Crucial X6/MacMiniData882023/Data/Coronal_Fat_NPY/Patient-059_cor_label_fat_ls.npy', '/Volumes/Crucial X6/MacMiniData882023/Data/Coronal_Fat_NPY/._Patient-059_cor_label_fat_ls.npy']"
60,"['/Volumes/Crucial X6/MacMiniData882023/Data/Coronal_Fat_NPY/Patient-060_cor_label_fat_ls.npy', '/Volumes/Crucial X6/MacMiniData882023/Data/Coronal_Fat_NPY/._Patient-060_cor_label_fat_ls.npy']","['/Volumes/Crucial X6/MacMiniData882023/Data/Coronal_Fat_NPY/Patient-060_cor_label_fat_ls.npy', '/Volumes/Crucial X6/MacMiniData882023/Data/Coronal_Fat_NPY/._Patient-060_cor_label_fat_ls.npy']"
61,"['/Volumes/Crucial X6/MacMiniData882023/Data/Coronal_Fat_NPY/Patient-061_cor_label_fat_ls.npy', '/Volumes/Crucial X6/MacMiniData882023/Data/Coronal_Fat_NPY/._Patient-061_cor_label_fat_ls.npy']","['/Volumes/Crucial X6/MacMiniData882023/Data/Coronal_Fat_NPY/Patient-061_cor_label_fat_ls.npy', '/Volumes/Crucial X6/MacMiniData882023/Data/Coronal_Fat_NPY/._Patient-061_cor_label_fat_ls.npy']"
62,"['/Volumes/Crucial X6/MacMiniData882023/Data/Coronal_Fat_NPY/Patient-062_cor_label_fat_ls.npy', '/Volumes/Crucial X6/MacMiniData882023/Data/Coronal_Fat_NPY/._Patient-062_cor_label_fat_ls.npy']","['/Volumes/Crucial X6/MacMiniData882023/Data/Coronal_Fat_NPY/Patient-062_cor_label_fat_ls.npy', '/Volumes/Crucial X6/MacMiniData882023/Data/Coronal_Fat_NPY/._Patient-062_cor_label_fat_ls.npy']"
63,"['/Volumes/Crucial X6/MacMiniData882023/Data/Coronal_Fat_NPY/Patient-063_cor_label_fat_ls.npy', '/Volumes/Crucial X6/MacMiniData882023/Data/Coronal_Fat_NPY/._Patient-063_cor_label_fat_ls.npy']","['/Volumes/Crucial X6/MacMiniData882023/Data/Coronal_Fat_NPY/Patient-063_cor_label_fat_ls.npy', '/Volumes/Crucial X6/MacMiniData882023/Data/Coronal_Fat_NPY/._Patient-063_cor_label_fat_ls.npy']"
64,"['/Volumes/Crucial X6/MacMiniData882023/Data/Coronal_Fat_NPY/Patient-064_cor_label_fat_ls.npy', '/Volumes/Crucial X6/MacMiniData882023/Data/Coronal_Fat_NPY/._Patient-064_cor_label_fat_ls.npy']","['/Volumes/Crucial X6/MacMiniData882023/Data/Coronal_Fat_NPY/Patient-064_cor_label_fat_ls.npy', '/Volumes/Crucial X6/MacMiniData882023/Data/Coronal_Fat_NPY/._Patient-064_cor_label_fat_ls.npy']"
65,"['/Volumes/Crucial X6/MacMiniData882023/Data/Coronal_Fat_NPY/Patient-065_cor_label_fat_ls.npy', '/Volumes/Crucial X6/MacMiniData882023/Data/Coronal_Fat_NPY/._Patient-065_cor_label_fat_ls.npy']","['/Volumes/Crucial X6/MacMiniData882023/Data/Coronal_Fat_NPY/Patient-065_cor_label_fat_ls.npy', '/Volumes/Crucial X6/MacMiniData882023/Data/Coronal_Fat_NPY/._Patient-065_cor_label_fat_ls.npy']"
66,"['/Volumes/Crucial X6/MacMiniData882023/Data/Coronal_Fat_NPY/Patient-066_cor_label_fat_ls.npy', '/Volumes/Crucial X6/MacMiniData882023/Data/Coronal_Fat_NPY/._Patient-066_cor_label_fat_ls.npy']","['/Volumes/Crucial X6/MacMiniData882023/Data/Coronal_Fat_NPY/Patient-066_cor_label_fat_ls.npy', '/Volumes/Crucial X6/MacMiniData882023/Data/Coronal_Fat_NPY/._Patient-066_cor_label_fat_ls.npy']"
67,"['/Volumes/Crucial X6/MacMiniData882023/Data/Coronal_Fat_NPY/Patient-067_cor_label_fat_ls.npy', '/Volumes/Crucial X6/MacMiniData882023/Data/Coronal_Fat_NPY/._Patient-067_cor_label_fat_ls.npy']","['/Volumes/Crucial X6/MacMiniData882023/Data/Coronal_Fat_NPY/Patient-067_cor_label_fat_ls.npy', '/Volumes/Crucial X6/MacMiniData882023/Data/Coronal_Fat_NPY/._Patient-067_cor_label_fat_ls.npy']"
68,"['/Volumes/Crucial X6/MacMiniData882023/Data/Coronal_Fat_NPY/Patient-068_cor_label_fat_ls.npy', '/Volumes/Crucial X6/MacMiniData882023/Data/Coronal_Fat_NPY/._Patient-068_cor_label_fat_ls.npy']","['/Volumes/Crucial X6/MacMiniData882023/Data/Coronal_Fat_NPY/Patient-068_cor_label_fat_ls.npy', '/Volumes/Crucial X6/MacMiniData882023/Data/Coronal_Fat_NPY/._Patient-068_cor_label_fat_ls.npy']"
69,"['/Volumes/Crucial X6/MacMiniData882023/Data/Coronal_Fat_NPY/Patient-069_cor_label_fat_ls.npy', '/Volumes/Crucial X6/MacMiniData882023/Data/Coronal_Fat_NPY/._Patient-069_cor_label_fat_ls.npy']","['/Volumes/Crucial X6/MacMiniData882023/Data/Coronal_Fat_NPY/Patient-069_cor_label_fat_ls.npy', '/Volumes/Crucial X6/MacMiniData882023/Data/Coronal_Fat_NPY/._Patient-069_cor_label_fat_ls.npy']"
70,"['/Volumes/Crucial X6/MacMiniData882023/Data/Coronal_Fat_NPY/Patient-070_cor_label_fat_ls.npy', '/Volumes/Crucial X6/MacMiniData882023/Data/Coronal_Fat_NPY/._Patient-070_cor_label_fat_ls.npy']","['/Volumes/Crucial X6/MacMiniData882023/Data/Coronal_Fat_NPY/Patient-070_cor_label_fat_ls.npy', '/Volumes/Crucial X6/MacMiniData882023/Data/Coronal_Fat_NPY/._Patient-070_cor_label_fat_ls.npy']"
71,"['/Volumes/Crucial X6/MacMiniData882023/Data/Coronal_Fat_NPY/Patient-071_cor_label_fat_ls.npy', '/Volumes/Crucial X6/MacMiniData882023/Data/Coronal_Fat_NPY/._Patient-071_cor_label_fat_ls.npy']","['/Volumes/Crucial X6/MacMiniData882023/Data/Coronal_Fat_NPY/Patient-071_cor_label_fat_ls.npy', '/Volumes/Crucial X6/MacMiniData882023/Data/Coronal_Fat_NPY/._Patient-071_cor_label_fat_ls.npy']"
72,"['/Volumes/Crucial X6/MacMiniData882023/Data/Coronal_Fat_NPY/Patient-072_cor_label_fat_ls.npy', '/Volumes/Crucial X6/MacMiniData882023/Data/Coronal_Fat_NPY/._Patient-072_cor_label_fat_ls.npy']","['/Volumes/Crucial X6/MacMiniData882023/Data/Coronal_Fat_NPY/Patient-072_cor_label_fat_ls.npy', '/Volumes/Crucial X6/MacMiniData882023/Data/Coronal_Fat_NPY/._Patient-072_cor_label_fat_ls.npy']"
73,"['/Volumes/Crucial X6/MacMiniData882023/Data/Coronal_Fat_NPY/Patient-073_cor_label_fat_ls.npy', '/Volumes/Crucial X6/MacMiniData882023/Data/Coronal_Fat_NPY/._Patient-073_cor_label_fat_ls.npy']","['/Volumes/Crucial X6/MacMiniData882023/Data/Coronal_Fat_NPY/Patient-073_cor_label_fat_ls.npy', '/Volumes/Crucial X6/MacMiniData882023/Data/Coronal_Fat_NPY/._Patient-073_cor_label_fat_ls.npy']"
74,"['/Volumes/Crucial X6/MacMiniData882023/Data/Coronal_Fat_NPY/Patient-074_cor_label_fat_ls.npy', '/Volumes/Crucial X6/MacMiniData882023/Data/Coronal_Fat_NPY/._Patient-074_cor_label_fat_ls.npy']","['/Volumes/Crucial X6/MacMiniData882023/Data/Coronal_Fat_NPY/Patient-074_cor_label_fat_ls.npy', '/Volumes/Crucial X6/MacMiniData882023/Data/Coronal_Fat_NPY/._Patient-074_cor_label_fat_ls.npy']"
75,"['/Volumes/Crucial X6/MacMiniData882023/Data/Coronal_Fat_NPY/Patient-075_cor_label_fat_ls.npy', '/Volumes/Crucial X6/MacMiniData882023/Data/Coronal_Fat_NPY/._Patient-075_cor_label_fat_ls.npy']","['/Volumes/Crucial X6/MacMiniData882023/Data/Coronal_Fat_NPY/Patient-075_cor_label_fat_ls.npy', '/Volumes/Crucial X6/MacMiniData882023/Data/Coronal_Fat_NPY/._Patient-075_cor_label_fat_ls.npy']"
76,"['/Volumes/Crucial X6/MacMiniData882023/Data/Coronal_Fat_NPY/Patient-076_cor_label_fat_ls.npy', '/Volumes/Crucial X6/MacMiniData882023/Data/Coronal_Fat_NPY/._Patient-076_cor_label_fat_ls.npy']","['/Volumes/Crucial X6/MacMiniData882023/Data/Coronal_Fat_NPY/Patient-076_cor_label_fat_ls.npy', '/Volumes/Crucial X6/MacMiniData882023/Data/Coronal_Fat_NPY/._Patient-076_cor_label_fat_ls.npy']"
77,"['/Volumes/Crucial X6/MacMiniData882023/Data/Coronal_Fat_NPY/Patient-077_cor_label_fat_ls.npy', '/Volumes/Crucial X6/MacMiniData882023/Data/Coronal_Fat_NPY/._Patient-077_cor_label_fat_ls.npy']","['/Volumes/Crucial X6/MacMiniData882023/Data/Coronal_Fat_NPY/Patient-077_cor_label_fat_ls.npy', '/Volumes/Crucial X6/MacMiniData882023/Data/Coronal_Fat_NPY/._Patient-077_cor_label_fat_ls.npy']"
78,"['/Volumes/Crucial X6/MacMiniData882023/Data/Coronal_Fat_NPY/Patient-078_cor_label_fat_ls.npy', '/Volumes/Crucial X6/MacMiniData882023/Data/Coronal_Fat_NPY/._Patient-078_cor_label_fat_ls.npy']","['/Volumes/Crucial X6/MacMiniData882023/Data/Coronal_Fat_NPY/Patient-078_cor_label_fat_ls.npy', '/Volumes/Crucial X6/MacMiniData882023/Data/Coronal_Fat_NPY/._Patient-078_cor_label_fat_ls.npy']"
79,"['/Volumes/Crucial X6/MacMiniData882023/Data/Coronal_Fat_NPY/Patient-079_cor_label_fat_ls.npy', '/Volumes/Crucial X6/MacMiniData882023/Data/Coronal_Fat_NPY/._Patient-079_cor_label_fat_ls.npy']","['/Volumes/Crucial X6/MacMiniData882023/Data/Coronal_Fat_NPY/Patient-079_cor_label_fat_ls.npy', '/Volumes/Crucial X6/MacMiniData882023/Data/Coronal_Fat_NPY/._Patient-079_cor_label_fat_ls.npy']"
80,"['/Volumes/Crucial X6/MacMiniData882023/Data/Coronal_Fat_NPY/Patient-080_cor_label_fat_ls.npy', '/Volumes/Crucial X6/MacMiniData882023/Data/Coronal_Fat_NPY/._Patient-080_cor_label_fat_ls.npy']","['/Volumes/Crucial X6/MacMiniData882023/Data/Coronal_Fat_NPY/Patient-080_cor_label_fat_ls.npy', '/Volumes/Crucial X6/MacMiniData882023/Data/Coronal_Fat_NPY/._Patient-080_cor_label_fat_ls.npy']"
81,"['/Volumes/Crucial X6/MacMiniData882023/Data/Coronal_Fat_NPY/Patient-081_cor_label_fat_ls.npy', '/Volumes/Crucial X6/MacMiniData882023/Data/Coronal_Fat_NPY/._Patient-081_cor_label_fat_ls.npy']","['/Volumes/Crucial X6/MacMiniData882023/Data/Coronal_Fat_NPY/Patient-081_cor_label_fat_ls.npy', '/Volumes/Crucial X6/MacMiniData882023/Data/Coronal_Fat_NPY/._Patient-081_cor_label_fat_ls.npy']"
82,"['/Volumes/Crucial X6/MacMiniData882023/Data/Coronal_Fat_NPY/Patient-082_cor_label_fat_ls.npy', '/Volumes/Crucial X6/MacMiniData882023/Data/Coronal_Fat_NPY/._Patient-082_cor_label_fat_ls.npy']","['/Volumes/Crucial X6/MacMiniData882023/Data/Coronal_Fat_NPY/Patient-082_cor_label_fat_ls.npy', '/Volumes/Crucial X6/MacMiniData882023/Data/Coronal_Fat_NPY/._Patient-082_cor_label_fat_ls.npy']"
83,"['/Volumes/Crucial X6/MacMiniData882023/Data/Coronal_Fat_NPY/Patient-083_cor_label_fat_ls.npy', '/Volumes/Crucial X6/MacMiniData882023/Data/Coronal_Fat_NPY/._Patient-083_cor_label_fat_ls.npy']","['/Volumes/Crucial X6/MacMiniData882023/Data/Coronal_Fat_NPY/Patient-083_cor_label_fat_ls.npy', '/Volumes/Crucial X6/MacMiniData882023/Data/Coronal_Fat_NPY/._Patient-083_cor_label_fat_ls.npy']"
84,"['/Volumes/Crucial X6/MacMiniData882023/Data/Coronal_Fat_NPY/Patient-084_cor_label_fat_ls.npy', '/Volumes/Crucial X6/MacMiniData882023/Data/Coronal_Fat_NPY/._Patient-084_cor_label_fat_ls.npy']","['/Volumes/Crucial X6/MacMiniData882023/Data/Coronal_Fat_NPY/Patient-084_cor_label_fat_ls.npy', '/Volumes/Crucial X6/MacMiniData882023/Data/Coronal_Fat_NPY/._Patient-084_cor_label_fat_ls.npy']"
85,"['/Volumes/Crucial X6/MacMiniData882023/Data/Coronal_Fat_NPY/Patient-085_cor_label_fat_ls.npy', '/Volumes/Crucial X6/MacMiniData882023/Data/Coronal_Fat_NPY/._Patient-085_cor_label_fat_ls.npy']","['/Volumes/Crucial X6/MacMiniData882023/Data/Coronal_Fat_NPY/Patient-085_cor_label_fat_ls.npy', '/Volumes/Crucial X6/MacMiniData882023/Data/Coronal_Fat_NPY/._Patient-085_cor_label_fat_ls.npy']"
86,"['/Volumes/Crucial X6/MacMiniData882023/Data/Coronal_Fat_NPY/Patient-086_cor_label_fat_ls.npy', '/Volumes/Crucial X6/MacMiniData882023/Data/Coronal_Fat_NPY/._Patient-086_cor_label_fat_ls.npy']","['/Volumes/Crucial X6/MacMiniData882023/Data/Coronal_Fat_NPY/Patient-086_cor_label_fat_ls.npy', '/Volumes/Crucial X6/MacMiniData882023/Data/Coronal_Fat_NPY/._Patient-086_cor_label_fat_ls.npy']"
87,"['/Volumes/Crucial X6/MacMiniData882023/Data/Coronal_Fat_NPY/Patient-087_cor_label_fat_ls.npy', '/Volumes/Crucial X6/MacMiniData882023/Data/Coronal_Fat_NPY/._Patient-087_cor_label_fat_ls.npy']","['/Volumes/Crucial X6/MacMiniData882023/Data/Coronal_Fat_NPY/Patient-087_cor_label_fat_ls.npy', '/Volumes/Crucial X6/MacMiniData882023/Data/Coronal_Fat_NPY/._Patient-087_cor_label_fat_ls.npy']"
88,"['/Volumes/Crucial X6/MacMiniData882023/Data/Coronal_Fat_NPY/Patient-088_cor_label_fat_ls.npy', '/Volumes/Crucial X6/MacMiniData882023/Data/Coronal_Fat_NPY/._Patient-088_cor_label_fat_ls.npy']","['/Volumes/Crucial X6/MacMiniData882023/Data/Coronal_Fat_NPY/Patient-088_cor_label_fat_ls.npy', '/Volumes/Crucial X6/MacMiniData882023/Data/Coronal_Fat_NPY/._Patient-088_cor_label_fat_ls.npy']"
89,"['/Volumes/Crucial X6/MacMiniData882023/Data/Coronal_Fat_NPY/Patient-089_cor_label_fat_ls.npy', '/Volumes/Crucial X6/MacMiniData882023/Data/Coronal_Fat_NPY/._Patient-089_cor_label_fat_ls.npy']","['/Volumes/Crucial X6/MacMiniData882023/Data/Coronal_Fat_NPY/Patient-089_cor_label_fat_ls.npy', '/Volumes/Crucial X6/MacMiniData882023/Data/Coronal_Fat_NPY/._Patient-089_cor_label_fat_ls.npy']"
90,"['/Volumes/Crucial X6/MacMiniData882023/Data/Coronal_Fat_NPY/Patient-090_cor_label_fat_ls.npy', '/Volumes/Crucial X6/MacMiniData882023/Data/Coronal_Fat_NPY/._Patient-090_cor_label_fat_ls.npy']","['/Volumes/Crucial X6/MacMiniData882023/Data/Coronal_Fat_NPY/Patient-090_cor_label_fat_ls.npy', '/Volumes/Crucial X6/MacMiniData882023/Data/Coronal_Fat_NPY/._Patient-090_cor_label_fat_ls.npy']"
91,"['/Volumes/Crucial X6/MacMiniData882023/Data/Coronal_Fat_NPY/Patient-091_cor_label_fat_ls.npy', '/Volumes/Crucial X6/MacMiniData882023/Data/Coronal_Fat_NPY/._Patient-091_cor_label_fat_ls.npy']","['/Volumes/Crucial X6/MacMiniData882023/Data/Coronal_Fat_NPY/Patient-091_cor_label_fat_ls.npy', '/Volumes/Crucial X6/MacMiniData882023/Data/Coronal_Fat_NPY/._Patient-091_cor_label_fat_ls.npy']"
92,"['/Volumes/Crucial X6/MacMiniData882023/Data/Coronal_Fat_NPY/Patient-092_cor_label_fat_ls.npy', '/Volumes/Crucial X6/MacMiniData882023/Data/Coronal_Fat_NPY/._Patient-092_cor_label_fat_ls.npy']","['/Volumes/Crucial X6/MacMiniData882023/Data/Coronal_Fat_NPY/Patient-092_cor_label_fat_ls.npy', '/Volumes/Crucial X6/MacMiniData882023/Data/Coronal_Fat_NPY/._Patient-092_cor_label_fat_ls.npy']"
